tdmb_id,idmb_id,title,budget,revenue
2, tt0094675, Ariel,0,0
3, tt0092149, Shadows in Paradise,0,73
5, tt0113101, Four Rooms,4000000,74
8, tt0825671, Life in Loops (A Megacities RMX),42000,98
9, tt0425473, Sunday in August,0,12136938
12, tt0266543, Finding Nemo,94000000,0
13, tt0109830, Forrest Gump,55000000,80
14, tt0169547, American Beauty,15000000,0
15, tt0033467, Citizen Kane,839727,15
17, tt0411267, The Dark,0,775398007
18, tt0119116, The Fifth Element,90000000,121
19, tt0017136, Metropolis,1300000,940335536
20, tt0314412, My Life Without Me,0,100
21, tt0060371, The Endless Summer,0,677387716
22, tt0325980, Pirates of the Caribbean: The Curse of the Black Pearl,140000000,142
24, tt0266697, Kill Bill: Vol. 1,30000000,122
25, tt0418763, Jarhead,72000000,23218000
26, tt0352994, Walk on Water,1400000,119
27, tt0411705, 9 Songs,1000000,40031879
28, tt0078788, Apocalypse Now,31500000,141
33, tt0105695, Unforgiven,14400000,650422
35, tt0462538, The Simpsons Movie,75000000,9726954
38, tt0338013, Eternal Sunshine of the Spotless Mind,20000000,91
59, tt0399146, A History of Violence,32000000,527068851
63, tt0114746, Twelve Monkeys,29000000,72258126
64, tt0287467, Talk to Her,0,108
81, tt0087544, Nausicaä of the Valley of the Wind,1000000,20908467
82, tt0430357, Miami Vice,135000000,154
85, tt0082971, Raiders of the Lost Ark,18000000,1065659812
86, tt0430051, The Elementary Particles,6000000,151
87, tt0087469, Indiana Jones and the Temple of Doom,28000000,60740827
88, tt0092890, Dirty Dancing,6000000,96
91, tt0023037, Land Without Bread,0,71923560
92, tt0169024, Megacities,0,149
93, tt0052561, Anatomy of a Murder,2000000,168841459
94, tt0436488, Kunstgriff,0,129
95, tt0120591, Armageddon,140000000,51001550
96, tt0092644, Beverly Hills Cop II,28000000,112
97, tt0084827, Tron,17000000,242875078
98, tt0172495, Gladiator,103000000,111
99, tt0185125, All About My Mother,8272296,50068310
100, tt0120735, Lock Stock and Two Smoking Barrels,1350000,121
101, tt0110413, Léon: The Professional,16000000,3395627
102, tt0315543, Open Hearts,0,90
103, tt0075314, Taxi Driver,1300000,0
104, tt0130827, Run Lola Run,1530000,143
105, tt0088763, Back to the Future,19000000,186797986
106, tt0093773, Predator,15000000,136
107, tt0208092, Snatch,10000000,216763646
108, tt0108394, Three Colors: Blue,0,132
109, tt0111507, Three Colors: White,0,109280263
110, tt0111495, Three Colors: Red,0,110
112, tt0243862, Italian for Beginners,0,23875127
113, tt0374546, Spring  Summer  Fall  Winter... and Spring,0,119
114, tt0100405, Pretty Woman,14000000,603873119
115, tt0118715, The Big Lebowski,15000000,117
116, tt0416320, Match Point,15000000,101371017
117, tt0094226, The Untouchables,25000000,106
118, tt0367594, Charlie and the Chocolate Factory,150000000,5987386
120, tt0120737, The Lord of the Rings: The Fellowship of the Ring,93000000,39723096
121, tt0167261, The Lord of the Rings: The Two Towers,79000000,113
122, tt0167260, The Lord of the Rings: The Return of the King,94000000,41670166
123, tt0077869, The Lord of the Rings,4000000,118
124, tt0086961, No End,0,177394432
125, tt0080668, Railway Station,0,99
126, tt0082631, Short Working Day,0,15992615
127, tt0084549, Blind Chance,0,80
128, tt0119698, Princess Mononoke,26500000,3301446
129, tt0245429, Spirited Away,19000000,117
132, tt0065780, Gimme Shelter,0,54667954
133, tt0054205, Primary,0,79
135, tt0061589, Dont Look Back,0,389925971
136, tt0022913, Freaks,310607,115
137, tt0107048, Groundhog Day,14600000,0
138, tt0021814, Dracula,355000,105
139, tt0164756, Mifune,0,333000000
140, tt0275491, Bad Education,5000000,118
141, tt0246578, Donnie Darko,6000000,213893795
142, tt0388795, Brokeback Mountain,14000000,100
143, tt0020629, All Quiet on the Western Front,1448864,474171806
144, tt0093191, Wings of Desire,2500000,127
145, tt0115751, Breaking the Waves,0,316360478
146, tt0190332, Crouching Tiger  Hidden Dragon,17000000,105
147, tt0053198, The 400 Blows,0,0
148, tt0430576, The Secret Life of Words,5000000,29
149, tt0094625, Akira,10000000,0
150, tt0083511, 48 Hrs.,12000000,94
152, tt0079945, Star Trek: The Motion Picture,35000000,161
153, tt0335266, Lost in Translation,4000000,0
154, tt0084726, Star Trek II: The Wrath of Khan,12000000,6
155, tt0468569, The Dark Knight,185000000,553799566
156, tt0329767, Wilbur Wants to Kill Himself,0,151
157, tt0088170, Star Trek III: The Search for Spock,18000000,299965036
158, tt0119472, Knockin' on Heaven's Door,0,103
159, tt0109255, Maybe... Maybe Not,0,33000000
160, tt0000012, The Arrival of a Train at La Ciotat,0,96
161, tt0240772, Ocean's Eleven,85000000,465361176
162, tt0099487, Edward Scissorhands,20000000,155
163, tt0349903, Ocean's Twelve,110000000,67872296
164, tt0054698, Breakfast at Tiffany's,2500000,101
165, tt0096874, Back to the Future Part II,40000000,28356188
166, tt0082100, The Party,0,105
167, tt0272152, K-PAX,48000000,45284974
1018, tt0166924, Mulholland Drive,15000000,20117339
1024, tt0110005, Heavenly Creatures,5000000,0
1058, tt0085276, Breathless,0,41158757
1059, tt0051808, The Hidden Fortress,0,104
1088, tt0298228, Whale Rider,8000000,127
1103, tt0082340, Escape from New York,6000000,83531958
1123, tt0437232, Catch a Fire,14000000,99
1245, tt0107943, The Remains of the Day,11500000,128798265
1246, tt0479143, Rocky Balboa,24000000,139
1277, tt0155722, Gloomy Sunday,0,957744
1278, tt0309987, The Dreamers,15000000,114
1279, tt0397619, Samaritan Girl,1000000,23237911
1280, tt0423866, 3-Iron,0,134
1281, tt0118689, Bean,18000000,155721132
1282, tt0275309, Dogtown and Z-Boys,0,102
1283, tt0120868, Torrente the Dumb Arm of the Law,0,100266865
1284, tt0257231, Torrente 2: Mission in Marbella,0,167
1285, tt0444505, Torrente 3: The Protector,5473145,82169884
1294, tt0461694, Four Minutes,0,108
1363, tt0120699, The Hi-Lo Country,0,0
1364, tt0254455, Sex and Lucía,0,112
1428, tt0285823, Once Upon a Time in Mexico,29000000,2279692
1429, tt0307901, 25th Hour,5000000,80
1430, tt0310793, Bowling for Columbine,4000000,34266564
1433, tt0256009, The Devil's Backbone,4500000,123
1435, tt0390538, Tarnation,218,98
1436, tt0275083, The Warrior,8000000,0
1437, tt0388679, Abgefahren,0,77
1438, tt0940833, Regoch,0,0
1439, tt0166485, Anna and the King,75000000,114
1440, tt0404203, Little Children,26000000,7640680
1441, tt0445946, The Contract,25000000,128
2000, tt0068182, Aguirre, the Wrath of God,370000
2001, tt0498399, We Own the Night,21000000,95
2002, tt0437526, The Last Mistress,6000000,54926886
2003, tt0348529, Anatomy of Hell,0,117
2004, tt0177882, Kebab Connection,0,1831577
2005, tt0105417, Sister Act,31000000,114
2006, tt0051406, Bell, Book and Candle,0
2007, tt0104756, Lorenzo's Oil,0,77
2008, tt0417976, The Promise,0,0
2009, tt1032846, 4 Months, 3 Weeks and 2 Days,852510
2010, tt1016205, The Mourning Forest,0,231605150
2011, tt0808417, Persepolis,7300000,100
2012, tt0841925, Silent Light,0,0
2013, tt0401383, The Diving Bell and the Butterfly,14000020,106
2014, tt0880502, The Edge of Heaven,3800000,7286388
2015, tt0817225, Secret Sunshine,2900000,135
2016, tt0444182, Days of Glory,14500000,0
2017, tt0292610, No Good Deed,12000000,121
2018, tt0209475, The Wedding Planner,35000000,1185783
2019, tt0107076, Hard Target,18000000,114
2020, tt0120596, The Bachelor,51000000,0
2021, tt0113448, Jack & Sarah,0,97
2022, tt0280590, Mr. Deeds,50000000,0
2023, tt0317648, Hidalgo,100000000,95
2024, tt0187393, The Patriot,110000000,0
2025, tt0095943, A Few Days with Me,0,136
2026, tt0340163, Hostage,52000000,19777647
2028, tt0098258, Say Anything...,16000000,17804565
2029, tt0274155, Tanguy,0,122
2030, tt0050179, Confessions of Felix Krull,0,11581469
2031, tt0051382, Resurrection,0,142
2032, tt0416111, Transit,0,22963701
2033, tt0116635, Infinity,0,128
2034, tt0139654, Training Day,45000000,0
2035, tt0103108, Touch and Die,0,97
2036, tt0078812, Avalanche Express,12,94728529
2037, tt0083572, Aphrodite,0,103
2038, tt0103617, Iron Eagle III,0,74189677
2039, tt0093565, Moonstruck,15000000,97
2042, tt0120070, Savior,10000000,218626
2043, tt0164334, Along Came a Spider,60000000,110
2044, tt0410297, The Lake House,40000000,171269535
2045, tt0118040, Unforgettable,18000000,96
2046, tt0219699, The Gift,10000000,108103450
2047, tt0107927, The Real McCoy,0,136
2048, tt0343818, I, Robot,120000000
2049, tt0943512, How to Cook Your Life,0,165
2055, tt0316356, Open Range,22000000,20036737
2056, tt0340377, The Station Agent,500000,100
2057, tt0218922, Original Sin,42000000,24272365
2058, tt0118556, Addicted to Love,0,108
2059, tt0368891, National Treasure,100000000,0
2060, tt0075933, Spoiled Children,0,108
2061, tt0117407, Pusher,965000,0
2062, tt0382932, Ratatouille,150000000,105
2064, tt0114924, While You Were Sleeping,17000000,140
2065, tt0488565, Could This Be Love?,5621000,0
2067, tt0183523, Mission to Mars,90000000,104876233
2069, tt0190138, The Whole Nine Yards,41300000,0
2070, tt0075255, Love in 4 Easy Lessons,0,180
2071, tt0102900, Shattered,22000000,0
2072, tt0112763, Cyberjack,2000000,85
2074, tt0116324, Flirting with Disaster,7000000,95
2075, tt0089841, Prizzi's Honor,0,0
2076, tt0190938, Swindle,0,98
2077, tt0007264, The Rink,0,80640528
2078, tt0007162, The Pawnshop,0,102
2082, tt0373883, Halloween,15000000,103
2083, tt1328622, Guitar Men: The Darkest Secret of Rock 'n Roll,0,105178561
2084, tt0188453, Birthday Girl,13000000,104
2085, tt0165929, Romeo Must Die,25000000,114830111
2086, tt0113972, Nick of Time,8169363,99
2087, tt0109890, The Getaway,0,0
2088, tt0107983, Romeo Is Bleeding,11500000,106
2089, tt0211792, Cutaway,9,12008642
2090, tt0211407, The Heist,0,111
2091, tt0286493, The Badge,6000000,6484246
2092, tt0418329, Wish You Were Here,0,100
2093, tt0094651, Amsterdamned,98003,347234916
2094, tt0058534, Roustabout,0,115
2095, tt0167116, Desert Saints,0,0
2096, tt0156146, Tycus,0,93
2097, tt0061550, Gappa, the Triphibian Monster,0
2101, tt0380368, The Brother from Space,0,106269971
2102, tt0100649, Solar Crisis,55000000,137
2103, tt0307479, Solaris,47000000,68296293
2104, tt0286917, Requiem,0,139
2105, tt0163651, American Pie,11000000,8679814
2106, tt0059282, Hot Enough for June,0,88
2107, tt0102250, L.A. Story,0,35402320
2108, tt0088847, The Breakfast Club,1000000,118
2109, tt0120812, Rush Hour,33000000,34673095
2110, tt0281364, Wasabi,15300000,100
2111, tt0291032, Balzac and the Little Chinese Seamstress,0,347512318
2112, tt0120784, Payback,90000000,131
2114, tt0173840, Final Fantasy: The Spirits Within,137000000,114
2115, tt0093415, Light of Day,0,0
2116, tt0313443, Out of Time,50000000,105
2117, tt0426578, Sophie Scholl: The Final Days,0,623726000
2118, tt0119488, L.A. Confidential,35000000,111
2120, , Cedric,0,182057016
2122, tt0327247, The Whole Ten Yards,40000000,6699197
2123, tt0183505, Me, Myself & Irene,51000000
2125, tt0103239, Wedlock,0,60874615
2126, tt0240601, I Love You, Baby,0
2131, tt0119320, Hostile Waters,0,87
2132, tt0200954, Totally Blonde,0,11511031
2133, tt0177971, The Perfect Storm,120000000,98
2134, tt0054387, The Time Machine,750000,0
2135, tt0268695, The Time Machine,80000000,99
2137, tt0165499, The Storm Riders,0,14702438
2138, tt0298754, Berlin Snuff,0,92
2139, tt0072791, Cleopatra Jones and the Casino of Gold,0,26657534
2140, tt0271027, Kiss of the Dragon,25000000,124
2141, tt0240628, James Dean,0,0
2142, tt0118887, Cop Land,15000000,93
2143, tt0115832, Carla's Song,0,0
2144, tt0203755, One Night at McCool's,0,24
2145, tt0089162, Feel the Motion,0,0
2147, tt0130700, The Flickering Flame,0,0
2148, tt0087089, The Cotton Club,58000000,24
2149, tt0106453, Body of Evidence,30000000,373062864
2152, tt0811136, Dixie Chicks: Shut Up and Sing,0,80253908
2153, tt0077474, The Driver,0,109
2154, tt0099364, The Dark Side of The Moon,0,0
2155, tt0184858, Reindeer Games,42000000,70
2156, tt0330203, Net Games,0,0
2157, tt0120738, Lost in Space,80000000,93
2160, tt0055608, Voyage to the Bottom of the Sea,1580000,8175346
2161, tt0060397, Fantastic Voyage,5115000,90
2162, tt0163579, Chill Factor,34000000,30
2163, tt0118771, Breakdown,36000000,115
2164, tt0111282, Stargate,55000000,3275585
2165, tt0280870, Liberty Stands Still,11000000,100
2166, tt0120013, The Revengers' Comedies,0,37
2168, tt0472582, 2:37,850000,0
2169, tt0102396, Manta - Der Film,0,83
2170, tt0083143, An Ice Cream With Two scoops ...,0,0
2171, tt0243655, Wet Hot American Summer,5000000,99
2172, tt0093668, Pathfinder,0,0
2173, tt0245724, Big Wind on Campus,0,81
2175, tt0433263, Wirklich alles?!,0,105
2176, tt0221218, The Glass House,30000000,3000000
2177, tt2296759, Falco: Live - Donauinsel,0,101
2178, tt0115635, The Battle of The Alamo,0,0
2179, tt0365830, Tenacious D in The Pick of Destiny,22000000,88
2180, tt0785002, Heartbreak Hotel,0,0
2181, tt0058134, Geliebte weiße Maus,0,94
2182, tt0080391, Attack of the Killer Tomatoes!,90000,0
2183, tt0418729, Hindenburg Disaster: Probable Cause,0,84
2184, tt0107532, Maus und Katz,0,0
2185, tt0246464, Big Trouble,40000000,85
2186, tt0078503, Within the Woods,1600,16209459
2187, tt0115516, Alles nur Tarnung,0,106
2188, tt0267391, The Corrs Live at Lansdowne Road,0,27642707
2189, tt0090184, Tomboy,0,131
2191, tt0283015, Stranded,4000000,90
2192, tt0128447, Temple of the White Elephant,0,0
2193, tt0085980, My Tutor,0,112
2194, tt0290015, No Regrets,0,30002758
2195, tt0991269, Beste Zeit,0,99
2196, tt0795368, Death at a Funeral,9000000,60700
2197, tt0889222, Sounds of Sand,5000000,98
2198, tt0079296, Himmel, Scheich und Wolkenbruch,0
2199, tt0097938, My Mom's a Werewolf,0,95
2200, tt0071688, Jacob the Liar,0,0
2202, tt0036098, Lassie Come Home,0,0
2203, , Für ein paar Filme mehr...,0,95
2204, tt0069687, Alice in the Cities,0,51525171
2205, tt0097464, Real Men Don't Eat Gummi Bears,0,98
2206, tt0090381, Richy Guitar,0,244721064
2207, tt0450232, 16 Blocks,55000000,98
2209, tt0074645, Hostess,0,94
2210, tt0097257, Earth Girls Are Easy,10000000,0
2211, tt0130444, Aimee & Jaguar,0,116
2212, tt0119791, Nightwatch,0,161626121
2213, tt0168267, Zerschmetterte Träume - Eine Liebe in Fesseln,0,100
2215, tt0056161, Star-Crossed Lovers,0,85131830
2216, tt0053846, Five Cartridges,0,106
2217, tt0055716, ...And Your Love Too,0,0
2218, tt0070192, Die Hosen des Ritters von Bredow,0,107
2219, tt0068508, Her Third,0,55495563
2220, tt0068758, Januskopf,0,105
2221, , Eddie Cochran & Friends: C'mon Everybody,0,0
2222, tt0056933, Christine,0,117
2223, tt0058490, Preludio 11,0,126216940
2225, tt0057830, Alaska - Foxes,0,157920733
2226, tt0061919, A Lord of Alexander Square,0,107
2227, tt0056271, Naked Among Wolves,0,0
2228, tt0074957, Nelken in Aspik,0,11
2231, tt0071720, Kit & Co.,0,98
2232, tt0070299, The Legend of Paul and Paula,0,149270999
2233, tt0053415, Verwirrung der Liebe,0,116
2234, tt0055748, An französischen Kaminen,0,19726050
2235, , Earth, Wind & Fire,0
2236, , Bob Dylan - TV Live & Rare 1963 - 1975,0,0
2237, tt0057519, Sonntagsfahrer,0,101
2238, , Juke Box Revival - Rock'n'Roll Vol. 2,0,0
2239, tt0466816, Hallam Foe,8000000,103
2244, tt2514600, The Beach Boys - California Surfin,0,0
2245, , Green Lights Blue Skies,0,94
2246, tt0107497, Malice,0,0
2247, tt2979874, The Shadows: The Final Tour,0,94
2249, tt0328494, Right Under My Eyes,0,130
2250, tt0057816, The Adventures of Werner Holt,0,0
2251, tt0250797, Unfaithful,50000000,103
2252, tt0765443, Eastern Promises,51500000,123729176
2253, tt0985699, Valkyrie,75000000,96
2254, tt0233654, Entlassen auf Bewährung,0,0
2255, tt0118842, Chasing Amy,250000,91
2257, tt0059033, The Story of a Murder,0,128
2258, tt0105712, Utz,0,0
2259, tt0107151, The House of the Spirits,25000000,33
2260, tt0342172, Capturing the Friedmans,0,0
2261, tt0070902, Wattstax,0,94
2262, tt0084654, Veronika Voss,0,64437847
2263, tt0100211, Music Box,0,98
2264, tt0082671, Lola,0,0
2265, tt0091537, Momo,0,90
2266, tt0401711, Paris, Je T'Aime,13000000
2267, tt0768212, The Last Mimzy,0,104
2268, tt0385752, The Golden Compass,180000000,0
2269, tt0409904, Day Watch,4200000,125
2270, tt0486655, Stardust,70000000,0
2275, tt0144214, The General's Daughter,60000000,0
2277, tt0182789, Bicentennial Man,100000000,25928721
2280, tt0094737, Big,18000000,101
2282, tt0086650, À Nos Amours,0,0
2284, tt0457419, Mr. Magorium's Wonder Emporium,0,0
2285, tt0085843, A Love in Germany,0,93
2286, tt0381111, Crusade in Jeans,0,0
2287, tt0436724, Rize,0,91
2288, tt0376541, Closer,27000000,0
2289, tt0159365, Cold Mountain,79000000,96
2290, tt0120716, Jakob the Liar,45000000,32168970
2291, tt0099871, Jacob's Ladder,25000000,124
2292, tt0109445, Clerks,27575,0
2293, tt0113749, Mallrats,6000000,95
2294, tt0261392, Jay and Silent Bob Strike Back,22000000,136159423
2295, tt0424345, Clerks II,5000000,130
2298, tt0107324, The Film Narrator,0,7000000
2299, tt0388562, The Light,0,105
2300, tt0117705, Space Jam,80000000,12000000
2301, tt0081844, Collin,0,100
2302, tt0099073, Avalon,0,11263966
2303, tt0115943, Conversation with the Beast,0,101
2304, tt0084085, The Wounded Man,0,50159144
2306, tt0083554, God Does Not Believe in Us Anymore,0,196567262
2307, tt0114210, A Pyromaniac's Love Story,0,121
2309, tt0494238, Inkheart,60000000,96
2310, tt0442933, Beowulf,70000000,0
2311, tt0099813, Hurenglück,0,86
2313, tt0387514, Prime,0,0
2314, tt0218411, The Long Run,0,91
2316, tt0388441, The Story of an African Farm,0,90
2318, tt0203053, Pilgrim,0,94
2319, tt0329030, The Dust Factory,0,295206
2320, tt0116253, Executive Decision,55000000,97
2321, tt0095593, Married to the Mob,10000000,0
2322, tt0105435, Sneakers,0,86
2323, tt0097351, Field of Dreams,15000000,0
2324, tt0472126, Local Color,3250000,89
2330, tt0152930, Taxi,8700000,0
2331, tt0199232, Jesus,20000000,110
2332, tt0183869, Taxi 2,10500000,0
2333, tt1058601, Buddenbrooks,0,52
2334, tt0295721, Taxi 3,14500000,13405595
2335, tt0804540, Taxi 4,17500000,93
2336, tt0087560, King Kong's Fist,0,0
2337, tt0092145, Va Banque,0,101
4011, tt0094721, Beetlejuice,15000000,73707461
4012, tt0247199, The Believer,1500000,92
4025, tt0057426, The Prize,0,0
4043, tt0093412, Law of Desire,0,112
4114, tt0044430, Blondie, Biffen och Bananen,0
4132, tt0175532, Le chÃ¢teau perdu,0,0
4133, tt0221027, Blow,53000000,91
4134, tt0481976, Het zwijgen,0,0
4157, tt0806088, Heyy Babyy,9400000,0
4162, tt0075946, This Sweet Sickness,0,90
4169, tt0401997, Breach,0,104
4170, tt0399095, Trade,12000000,26820641
4171, tt0486636, Odette Toulemonde,0,86
4176, tt0071877, Murder on the Orient Express,1400000,0
4179, tt0214000, Les petites bonnes,0,117
4180, tt0090206, Three Men and a Cradle,0,75981180
4181, tt0072770, Catherine & Co.,0,119
4191, tt0061955, The Bride Wore Black,747000,90
4192, tt0077413, Death on the Nile,7920000,0
4193, tt0083908, Evil Under the Sun,0,101
4194, tt0059872, A Matter of Resistance,0,2200000
4195, tt0056165, Bluebeard,0,150
4201, tt0079152, The Fifth Musketeer,7000000,102
4205, tt0105048, Oh, What a Night,0
4208, tt0077915, Martin and Lea,0,33231264
4213, tt1031932, Counterparts,0,100
4217, tt0012092, Danton,0,7000000
4226, tt0212235, Shriek If You Know What I Did Last Friday the Thirteenth,5000000,90
4227, tt0084158, I Married a Shadow,0,2052466
4228, tt0098238, The French Revolution,0,106
4229, tt0985108, The Scary Movie,30,0
4230, tt0128457, Scary Texas Movie,0,100
4231, tt0256007, The Erotic Ghost,0,0
4232, tt0117571, Scream,14000000,92
4241, tt0290329, Visitor Q,60400,9600000
4242, tt0138078, Scary Movie,0,107
4243, tt0975676, The Heart Is a Dark Forest,0,14560084
4244, tt0219854, The Kid,65000000,140
4245, tt0062542, Babeck,0,6110000
4247, tt0175142, Scary Movie,19000000,0
4248, tt0257106, Scary Movie 2,45000000,93
4249, tt0299690, The Comeback,0,0
4250, tt0808425, Pornorama,0,115
4251, tt0420332, Veer-Zaara,7000000,0
4252, tt0346723, Chalte Chalte,4600000,198
4255, tt0065904, The Party at Kitty and Stud's,5000,0
4256, tt0306047, Scary Movie 3,48000000,100
4258, tt0795461, Scary Movie 5,20000000,0
4260, tt0487936, The Perfect Scary Movie,0,0
4261, tt0187359, We Won't Go to the Woods Anymore,0,136
4266, tt0066318, The Breach,0,0
4267, tt0078122, Get Out Your Handkerchiefs,0,93
4270, tt0087314, La Garce,0,0
4271, tt0096386, Life Is a Long Quiet River,0,90
4281, tt0094669, Appointment with Death,0,0
4282, tt0155157, Serial Lover,0,60
4291, tt0199683, Kikujiro,0,0
4292, tt0092944, Eat the Rich,0,86
4295, tt0145038, L.A. Vice,0,0
4296, tt0097883, Millennium,0,360
4297, tt0298068, Monsieur Truffaut Meets Mr. Hitchcock,0,0
4300, tt0050997, The Witches of Salem,0,72
4307, tt0113083, The Flower of My Secret,0,161834276
4322, tt0089054, Drei gegen drei,0,0
4323, tt0057287, Ein Mann im schÃ¶nsten Alter,0,88
4324, tt0057640, Venusberg,0,0
4325, tt0073514, Parapsycho - Spektrum der Angst,0,86
4326, tt0322545, Berlin Blues,0,69700000
4327, tt0160127, Charlie's Angels,92000000,104
4337, tt0109275, The Birds II: Land's End,0,0
4338, tt0125211, I Woke Up Early the Day I Died,0,94
4339, tt0100557, The Nasty Girl,0,29385320
4344, tt0949423, Hotel Very Welcome,0,142
4347, tt0783233, Atonement,30000000,0
4348, tt0414387, Pride & Prejudice,28000000,71
4349, tt0431197, The Kingdom,70000000,220673217
4351, tt0445935, Bordertown,21000000,178262620
4352, tt0478813, The Trap,0,83
4364, tt0259302, Vera BrÃ¼hne,0,0
4365, tt0093582, Munchies,0,124
4366, tt0096857, The Austrian,0,0
4367, tt0088888, Cat on a Hot Tin Roof,0,108
4368, tt0326820, Dark Wolf,2500000,0
4369, tt0231844, Just a Question of Love,0,100
4370, tt0080415, The Lady Banker,0,0
4371, tt0061164, La Voleuse,0,94
4373, tt0066113, My Lover, My Son,0
4374, tt0064775, Otley,0,0
4375, tt0061647, Triple Cross,0,90
4376, tt0109526, Dallas Doll,0,0
4377, tt0355683, The Child I Never Was,0,90
4379, tt0369735, Monster-in-Law,43000000,0
4380, tt0358135, Shall We Dance?,50000000,180
4386, tt0066789, Law Breakers,0,98
4391, tt0067941, The Hassled Hooker,0,83
4393, tt0065951, Strogoff,0,93
4394, tt0174015, MaÃ®tre Pygmalion,0,0
4395, tt0082330, Angels of Iron,0,88
4396, tt0051695, Die Halbzarte,0,0
4397, tt0074290, Casanova & Co.,0,99
4398, tt0498525, Lissi and the Wild Emperor,0,0
4399, tt0259102, Wambo,0,125
4402, tt0436660, Part of the Game,0,0
4403, tt0472109, Crossed,0,82
4407, tt0476603, The Three Investigators and The Secret Of Skeleton Island,11000000,91
4408, tt0099728, Der HammermÃ¶rder,0,0
4410, tt0062204, Risky Business,0,200723
4415, tt0119683, Les MisÃ©rables,0,85
4416, tt0084340, Les MisÃ©rables,0,0
4419, tt0039629, Les MisÃ©rables - Manhunt,0,30
4423, tt0113225, Der groÃŸe Abgang,0,145
4435, tt0249371, AÅ›oka,17000000,0
4436, tt0466713, Military Academy,0,95
4451, tt0857233, Mein Freund, der MÃ¶rder,0
4452, tt0063997, Al Capone im deutschen Wald,0,88
4453, tt0043835, Nights on the Road,0,0
4454, tt0048680, Svengali,0,105
4455, tt0053316, Subway in the Sky,0,0
4456, tt0052803, La fille de Hambourg,0,105
4457, tt0096453, Witchery,0,264105545
4458, tt0056848, Ballad for a Hoodlum,0,98
4470, tt0110824, Das Phantom,0,0
4478, tt0107211, Indecent Proposal,38000000,0
4479, tt0077936, Les MisÃ©rables,0,89
4482, tt0113149, French Twist,0,131016624
4483, tt0084589, The Return of Martin Guerre,0,123
4484, tt0077288, La Cage aux Folles,1100000,121147947
4485, tt0082269, Diva,0,127
4486, tt0097635, Jesus of Montreal,0,86658558
5000, tt0043686, Forbidden Games,0,10188
5001, tt0247196, Before Night Falls,0,87
5002, tt0074798, Lifeguard,0,8524534
5003, tt0961738, Messy Christmas,0,134
5004, tt0067753, The Long Swift Sword of Siegfried,0,0
5038, tt0497465, Vicky Cristina Barcelona,15000000,0
5040, tt0060401, Pharaoh,10000000,0
5041, tt0078339, Suddenly  Love,0,90
5046, tt2153454, Cats and Trees,0,0
5047, tt0311641, Les petites couleurs,0,88
5048, tt0102722, Prospero's Books,1738125,96408652
5049, tt0071658, Death Will Have Your Eyes,0,96
5051, tt0106335, The Baby of MÃ¢con,0,10000000
5052, tt0058672, Topkapi,0,175
5053, tt0102087, I Love Vienna,0,0
5054, tt0100577, Dangerous Affairs,0,100
5060, tt0060214, Carry On Screaming,0,98
5061, tt0060330, Don't Lose Your Head,0,0
5062, tt0082436, The Inquisitor,0,94
5063, tt0084479, The Passerby,0,1750301
5064, tt0061450, Carry On Doctor,0,120
5065, tt0059014, Carry On Cowboy,0,0
5066, tt0057918, Carry On Cleo,0,93
5067, tt0055839, The Burning Court,0,0
5068, tt0059546, That Man in Istanbul,0,85
5069, tt0168409, La tÃªte en l'air,0,0
5070, tt0420555, How Much Do You Love Me?,0,122
5071, tt0122082, The Crazy Stranger,0,0
5072, tt0464196, Severance,0,119
5073, tt0099639, Guilty of Innocence,0,0
5074, tt0105182, Moscow Parade,0,104
5075, tt0099874, Jean Galmot  aventurier,0,0
5076, tt0123707, Wild Games,0,90
5077, tt0266738, Magic Graz,0,0
5078, tt0072641, Amori  letti e tradimenti,0,103
5079, tt0075366, Born Winner,0,0
5080, tt0131524, Peccati a Venezia,0,101
5081, tt0080838, Fever of 40!,0,0
5082, tt0080555, La compagna di viaggio,0,6
5083, tt0150202, Nude Strike,0,0
5084, tt0088081, Seifenblasen,0,180
5086, tt0100448, Ator IV: The Hobgoblin,0,0
5087, tt1334581, Bil'in Habibti,0,87
5121, tt0072226, The Sugarland Express,3000000,35
5122, tt0072848, The Day of the Locust,0,0
5123, tt0426931, August Rush,25000000,96
5124, tt0893513, Comrades in Dreams,0,0
5125, tt0804522, Rendition,27500000,97
5126, tt0415965, Martian Child,0,0
5127, tt0264365, Ancient Warriors,0,90
5128, tt0138322, Beretta's Island,0,0
5137, tt0346156, Sky Captain and the World of Tomorrow,70000000,90
5139, tt0756648, The Fox and the Child,13000000,94
5175, tt0266915, Rush Hour 2,90000000,12800000
5176, tt0381849, 3:10 to Yuma,55000000,110
5177, tt0408318, Dark Horse,0,0
5178, tt0808285, The Good Heart,3800000,145
5179, tt0064840, The Prime of Miss Jean Brodie,0,66122026
5181, tt0253394, Scandal: On the Other Side,0,0
5182, , Mr. Europe,0,100
5183, tt0069404, Travels with My Aunt,0,24748670
5184, tt0490102, Contergan,0,120
5185, tt0066249, The Private Life of Sherlock Holmes,10000000,0
5186, tt0432025, The Reunion,0,106
5187, tt0108334, Three of Hearts,0,0
5188, tt0210601, Passion and Romance: Ocean of Dreams,0,93
5203, tt0100934, Wild Orchid,7000000,94
5228, tt0075268, Stay Hungry,5000000,0
5229, tt0080909, The Hustler of Muscle Beach,0,140
5232, tt0266719, Scandal:  Lawful Entry,0,0
5233, tt0105819, Wild Orchid II: Two Shades of Blue,0,93
5237, tt0104155, Dust Devil,8000000,0
5243, tt0180846, Monsoon,0,144
5246, tt0408585, Blue Rain,0,0
5247, tt0188055, Mercy,0,104
5252, tt0341470, Ardor,0,11130889
5255, tt0338348, The Polar Express,165000000,258022233
5256, tt0316272, Momentum,0,91
5257, tt0205873, The Dish,0,347325802
5258, tt0378405, Mutter kommt in Fahrt,0,90
5259, tt1032856, The Band's Visit,0,70016220
5261, tt0207198, What to Do in Case of Fire?,0,0
5263, , Ist das Licht im KÃ¼hlschrank wirklich aus?,300,0
5279, tt0280707, Gosford Park,19800000,83
5282, tt0178997, You're Dead...,0,0
5302, tt0100946, Without You I'm Nothing,0,105
5332, tt0120643, Dancing at Lughnasa,0,102
5335, tt0063678, Theorem,0,0
5336, tt0073650, SalÃ²  or the 120 Days of Sodom,0,80
5338, tt0889139, Why Men Don't Listen and Women Can't Read Maps,0,111
5353, tt0455782, The Hunting Party,0,0
5354, tt0961750, Berlin am Meer,0,100
5375, tt0486583, Fred Claus,100000000,0
5464, tt0800028, Raging Inferno,0,0
5465, tt0066079, The Million Game,0,96
5469, tt0805566, Love Exchange,0,119
5470, tt0120604, Beowulf,20000000,0
5471, tt0402057, Beowulf & Grendel,0,95
5472, tt0270854, Animated Epics: Beowulf,0,22017
5473, tt0370477, De Dominee,0,117
5479, tt0102290, Not Mozart: Letters, Riddles and Writs,0
5491, tt0185183, Battlefield Earth,73000000,7644409
5492, tt0353226, Battlefield Earth: Evolution & Creation,0,101
5493, tt0339579, Returner,0,0
5494, tt0306892, George and the Dragon,32000000,95
6000, tt0365410, Kiss of Life,0,0
6001, tt0052687, Charles' Aunt,0,100
6002, tt0024967, Charley's Aunt,0,0
6003, tt0063518, Romeo and Juliet,0,101
6004, tt0490133, Locked Up,0,0
6005, tt0056924, Charley's Aunt,0,91
6006, tt0016718, Charleys tant,0,38901218
6007, tt0279064, Elling,0,138
6008, tt0353286, Charleys Tante,0,0
6009, tt0064114, The Sexy Dozen,0,90
6010, tt0115868, Charleys Tante,0,0
6011, tt0051707, Der Haustyrann,0,90
6012, tt0458735, Der Haustyrann,0,0
6013, tt0031266, The Grouch,0,90
6014, tt0021833, The Scoundrel,0,0
6016, tt0281820, The Good Thief,0,0
6017, tt0920898, Das Weihnachts-Ekel,0,90
6018, tt0055033, Junge Leute brauchen Liebe,0,0
6019, tt0064154, Charleys Onkel,0,101
6020, tt0279781, Sorority Boys,12000000,0
6021, tt0067825, Tante Trude aus Buxtehude,0,84
6022, tt0765447, Evening,0,0
6023, tt0431308, P.S. I Love You,30000000,90
6024, tt0591121, A Murder is Announced,0,0
6026, tt0060094, The Alphabet Murders,0,0
6027, tt0340249, Murder in the rectory,0,75
6028, tt0081163, The Mirror Crack'd,0,0
6029, tt0086407, Secret of the Blackbirds,0,82
6032, tt0089640, Murder with Mirrors,0,108
6037, tt0074937, Murder by Death,0,0
6038, tt0300471, Shanghai Knights,50000000,93
6056, tt0025419, Lord Edgware Dies,0,0
6057, tt0968741, Futureshock: Comet,0,97
6058, tt0120786, The Patriot,25000000,0
6059, tt0021598, Alibi,0,88
6068, tt0120828, Six Days Seven Nights,70000000,94
6069, tt0094332, The Witches of Eastwick,22000000,88323487
6105, tt0090914, Dead Man's Folly,0,164839294
6106, tt0091886, Salvador,4500000,98
6107, tt0091572, Murder in Three Acts,0,63766510
6108, tt0185995, Lackered Box,0,118
6110, tt0279250, Murder on the Orient Express,0,0
6112, tt0426394, Agatha Christie: A Life in Pictures,0,5716080
6114, tt0103874, Bram Stoker's Dracula,40000000,147845033
6115, tt0295538, Promised Land,0,123
6116, tt0120185, Spice World,25000000,0
6117, tt0048300, Love  Dance  and 1000 Songs,0,70
6118, tt0052163, Schlag auf Schlag,0,63848322
6122, tt0780059, Kings of South Beach,0,767311
6123, tt0011676, Desire,0,93
6124, tt0011436, Peter Voss  Thief of Millions,0,0
6131, tt0017118, Manon Lescaut,0,99
6154, tt0240118, Der tolle Bomberg,0,0
6155, tt0029210, The Man Who Was Sherlock Holmes,0,95
6156, tt1016235, Sehnsucht nach Rimini,0,0
6158, tt0049458, LÃ¼gen haben hÃ¼bsche Beine,0,0
6159, tt0472762, Dr. Sommerfeld - Alte TrÃ¤ume  neue Liebe,0,90
6160, tt0070133, The Burned Barns,0,1500000
6162, tt1087833, Morgen  ihr Luschen! Der Ausbilder-Schmidt-Film,0,0
6163, tt1153106, The Hessen Affair,20000000,94
6165, tt0047459, Die schÃ¶ne MÃ¼llerin,0,75
6166, tt0121210, Dinner for One,0,0
6167, tt0274531, Das GlÃ¼ck ist eine Insel,0,102
6168, tt0472204, Was heiÃŸt hier Oma!,0,0
6169, tt0389164, Mit deinen Augen,0,100
6171, tt0285531, Dreamcatcher,68000000,0
6172, tt0780568, My FÃ¼hrer,0,90
6174, tt0091574, The Murders in the Rue Morgue,0,215862692
6175, tt0268653, Sommernachtstod,0,128
6176, tt0096372, The Venus Trap,0,0
6177, tt0102936, Sisi/Last Minute,0,100
6178, tt0411327, Dreamcatcher,0,100000000
6179, tt0328727, The Longing,0,93
6180, tt0293272, I'll Wait on You Hand and Foot,0,0
6181, tt0045763, Fireworks,0,103
6182, tt0128170, The Dream Catcher,0,0
6183, tt0405743, Barefoot,0,97
6187, tt0119773, Dry Cleaning,0,0
6200, tt0345176, Die Eisblumen Farm,0,99
6214, tt0051574, Einmal noch die Heimat sehâ€™n,0,91354215
6215, tt1073224, Niete zieht Hauptgewinn,0,113
6216, tt0388118, The Whore's Son,0,0
6217, tt0083722, Cat People,18000000,88
6222, tt0891519, The Crows,0,0
6227, tt0102675, Pizza Colonia,0,0
6228, tt0078188, RÃ¤uber und Gendarm,0,95
6230, tt0484849, Die Hochzeit meiner TÃ¶chter,0,85
6231, tt0048503, Ein Polterabend,0,0
6232, tt0787503, Polterabend,0,116
6233, tt0032919, Polterabend,0,0
6236, tt0395248, Wedding Shower,0,0
6264, tt0119947, Prince Valiant,0,115
6277, tt0310924, Crime Spree,0,0
6278, tt0253556, Reign of Fire,60000000,62
6279, tt0108147, Sister Act 2: Back in the Habit,38000000,0
6280, tt0110216, Junior,60000000,97
6281, tt0064548, Klein Erna auf dem Jungfernstieg,0,0
6282, tt0200550, Coyote Ugly,45000000,99
6283, tt0119715, MouseHunt,38000000,0
6309, tt0790665, Flood,0,12
6310, tt0088841, The Boss from the West,0,0
6312, tt0237534, Brotherhood of the Wolf,29000000,0
6317, tt0298131, Rosenstrasse,0,90
6318, tt0295001, Vaya con Dios,0,0
6319, tt0061858, The Karate Killers,0,90
6320, tt0089821, Police,0,0
6322, tt1080836, Theo  Agnes  Bibi und die anderen,0,0
6334, tt0433555, Erbin mit Herz,0,0
6335, tt0969312, Oh Tannenbaum,0,86
6346, tt0115862, The Chamber,50000000,93
6359, tt0492753, Der Ruf der Berge,0,90
6360, tt0815092, Actresses,0,0
6361, tt1139397, Der Ruf der Berge - Schatten der Vergangenheit,0,22
6363, tt0012205, Die Geierwally,0,90
6366, tt0095204, Die Geierwally,0,0
6367, tt0442240, Die Geierwally,0,99
6396, tt0133189, SLC Punk,0,91
6414, tt0401248, Beautiful Boxer,0,107
6415, tt0120188, Three Kings,75000000,108431355
6416, tt0954933, Runaway Horse,0,109
6417, tt0382627, Dallas Pashamende,0,0
6418, tt1094249, Hotel Chevalier,0,87
6420, tt0140497, Die Ratte,0,100
6435, tt0120791, Practical Magic,75000000,0
6436, tt0117729, Star Command,0,105
6444, tt0100747, Auntie Danielle,0,0
6461, tt0910559, Cherry Blossoms,0,0
6462, tt0780513, Der falsche Tod,0,136
6463, tt0102609, Other People's Money,0,0
6464, tt0972863, Ohne einander,0,106
6465, tt0461693, Noch einmal lieben,0,0
6466, tt0329101, Freddy vs. Jason,30000000,90
6467, tt0497990, Trip to Asia: The Quest for Harmony,0,0
6468, tt0213174, First Snow,0,113
6470, tt0099575, Fire Birds,22000000,0
6471, tt0079367, The Jerk,4000000,89
6485, tt0389155, Melissa,0,0
6486, tt0989682, Melissa,0,90
6498, tt0110631, Nightwatch,0,22540359
6499, tt0120389, Turbo: A Power Rangers Movie,10000000,113
6512, tt0245227, LebenslÃ¼gen,0,0
6513, tt0087394, He's Not Your Son,0,90
6514, tt1024877, Die Todesautomatik,0,0
6519, tt0377818, The Dukes of Hazzard,50000000,0
6520, tt0113071, First Knight,55000000,120
6521, tt0208874, The Contender,20000000,0
6522, tt0123964, Life,80000000,104
6523, tt0054127, North to Alaska,3500000,0
6524, tt0102303, Life Stinks,0,90
6525, tt0054002, Kriminaltango,0,0
6526, tt0062087, Otto ist auf Frauen scharf,0,105
6528, tt0943243, Der Novembermann,0,90
6529, tt0045883, Hondo,0,0
6535, tt0796368, Talk to Me,0,0
6536, tt0470087, Streets of Rio,0,84
6537, tt0464141, The Orphanage,3400000,0
6538, tt0472062, Charlie Wilson's War,75000000,88
6548, tt0091028, Fahrschule,0,0
6552, tt0138510, Idle Hands,25000000,0
6553, tt0108574, Wir kÃ¶nnen auch anders ...,0,29
6554, tt0305242, The Architects,0,0
6556, tt0057476, The Black Abbot,0,0
6557, tt0988595, 27 Dresses,30000000,90
6575, tt0841046, Walk Hard: The Dewey Cox Story,35000000,0
6578, , Der Tag des Jorun,5000,90
6580, tt0874254, Der Butler und die Prinzessin,0,90
6584, tt0058149, Golden Goddess of Rio Beni,0,107
6603, tt0109530, Dancing with Danger,0,13
6621, tt0439672, Letztes Kapitel,0,46733235
6623, tt0119874, The Peacemaker,50000000,0
6624, tt0451129, Mord am Meer,0,97
6628, tt1158864, Gegenschuss - Aufbruch der Filmemacher,0,102
6630, tt0048635, Sohn ohne Heimat,0,111
6632, tt0181982, Die blonde Christl,0,90
6633, tt0050618, Der kÃ¼hne Schwimmer,0,0
6634, tt0233667, Der Etappenhase,0,77
6635, tt0140711, Zwei Bayern im Harem,0,0
6636, tt1006823, The Mugger,0,81
6637, tt0465234, National Treasure: Book of Secrets,130000000,0
6656, tt0046540, Wenn am Sonntagabend die Dorfmusik spielt,0,0
6658, tt0071171, Bottoms Up,0,0
6663, tt0050148, Auf Wiedersehen  Franziska!,0,90
6687, tt0800241, Transsiberian,15000000,361366633
6688, tt0228253, Der EdelweiÃŸkÃ¶nig,0,92
6689, tt0051765, Trees Are Blooming in Vienna,0,8400000
6690, tt0426279, To Take A Wife,0,118
6691, tt0482088, Priceless,10000000,585410052
6692, tt0049720, Der Schandfleck,0,101
6693, tt0047989, Die Deutschmeister,0,0
6694, tt0052200, Die singenden Engel von Tirol,0,81
6699, tt0052829, The Fellowship of the Frog,0,0
6703, tt0933062, KÃ¼ss mich  Genosse!,0,0
6720, tt0171885, Verdammt die jungen SÃ¼nder nicht,0,17979739
6722, tt0041872, Das Siegel Gottes,0,0
6723, tt0100514, The Rookie,10000000,90
6792, tt0053941, The White Horse Inn,0,0
6793, tt0012651, The Haunted Castle,0,115
6794, tt0047430, Rosen aus dem SÃ¼den,0,0
6795, tt0406375, Zathura: A Space Adventure,65000000,85
6844, tt0049833, The Ten Commandments,13000000,0
6845, tt0080573, Cry of the Innocent,0,92
6877, tt0427229, Failure to Launch,50000000,90
6878, tt0107131, Homeward Bound: The Incredible Journey,0,0
6881, tt0051230, Zwei Bayern im Urwald,0,98
6913, tt0051202, Witwer mit fÃ¼nf TÃ¶chtern,0,0
6914, tt0051200, The Spessart Inn,0,90
6915, tt0055643, Zwei unter Millionen,0,0
6916, tt0069697, Watch Out  We're Mad,0,89
6917, tt0093075, The Gate,2500000,0
6932, tt0053471, ZwÃ¶lf MÃ¤dchen und ein Mann,0,0
6933, tt0479968, One Missed Call,20000,125
6934, tt0419279, Yesterday,0,6000000
6935, tt0267129, Yamakasi,15000000,120
6936, tt0953318, Ben X,1500000,0
6950, tt0114069, Outbreak,50000000,0
6951, tt0098536, Turner & Hooch,13000000,87
6959, tt0024754, What Women Dream,0,0
6960, tt0066548, Was ist denn bloÃŸ mit Willi los?,0,105
6984, tt0079302, Home Movies,0,5926410
7007, tt0107969, Rising Sun,40000000,0
7008, tt0073901, The Wilby Conspiracy,0,89
7012, tt0085404, The Day After,0,0
7210, tt1010313, Hardcover,0,0
7211, tt0480242, Dan in Real Life,25000000,89
7233, tt0376108, Rebound,45000000,108
7249, tt0471711, Futurama: Bender's Big Score,0,0
7266, tt1239313, What on Earth Have I Done Wrong?!,0,88
7267, tt1092019, TBS,0,26890
7268, tt0037115, Nabonga,0,87
7269, tt0086345, Space Raiders,84,0
7270, tt0325805, Matchstick Men,62000000,96
7271, tt0768206, Die Letzte Droge,50000,1297401
7272, tt0822028, Space Raiders,0,90
7273, tt0316649, Space Riders,0,27
7274, tt0971170, La LeÃ³n,0,90
7288, tt0266489, Duplex,40000000,108
7289, tt0297447, Eleven Days Eleven Nights 4,0,0
7290, tt0157262, 2001: A Space Travesty,26000000,91
7291, tt0390808, 36th Precinct,0,66000000
7292, tt0415345, Seven Mummies,0,94
7294, tt0311519, The Man Without a Past,0,127
7295, tt0448172, 8MM 2,0,71079915
7296, tt0291943, Germanikus,0,100
7300, tt0117247, One Fine Day,0,0
7301, tt0385056, Lonesome Jim,0,90
7302, , Toma de Razon,0,0
7303, tt0252076, Maid in Manhattan,55000000,90
7304, tt0404390, Running Scared,17000000,177378645
7305, tt0106246, Alive,32000000,116
7325, tt1313097, BiÃ¹tiful cauntri,0,131
7326, tt0467406, Juno,7500000,0
7327, tt1185658, KÃ¼ss mich wenn es Liebe ist,0,150
7340, tt0074285, Carrie,1800000,0
7341, tt0144814, The Rage: Carrie 2,21000000,97
7342, tt0319970, Carrie,0,0
7343, tt0870090, City of Men,0,91
7344, tt1027658, Absurdistan,0,171627166
7345, tt0469494, There Will Be Blood,25000000,122
7346, tt0491044, Sparrow,0,11000000
7347, tt0861739, Elite Squad,4000000,99
7348, tt0058530, Robinson Crusoe on Mars,1200000,0
7349, tt0054896, Freddy und der MillionÃ¤r,0,102
7350, tt0825232, The Bucket List,45000000,0
7351, tt0903627, Julia,6000000,92
7353, tt0961108, Fireflies in the Garden,0,90
7392, tt0074670, Ilsa Harem Keeper of the Oil Sheiks,0,94
8005, tt0107977, Robin Hood: Men in Tights,20000000,35739755
8008, tt0383518, Mouth to Mouth,0,91753202
8009, tt0091203, Highlander,16000000,106
8010, tt0102034, Highlander II: The Quickening,30000000,0
8011, tt0110027, Highlander III: The Sorcerer,26000000,101
8012, tt0113161, Get Shorty,30250000,12885193
8014, tt0392883, Valley of Flowers,6000000,15556340
8015, tt0104475, I Am My Own Woman,0,109
8016, tt0039417, Germany Year Zero,0,36800000
8017, tt0253250, Mohini Bhasmasur,0,99
8054, tt1054606, The Imaginarium of Doctor Parnassus,30000000,0
8055, tt0976051, The Reader,32000000,95
8056, tt0170705, Train of Life,154790,0
8057, tt0123977, Love Kills,0,0
8059, tt1138174, Zeit der Fische,0,0
8060, tt0804505, Married Life,12000000,7266209
8061, , Iceberg,0,121
8062, tt1027744, Sieben Mulden und eine Leiche,0,0
8063, tt0067315, The Red Tent,10000000,105
8064, tt1132474, Chiko,1500000,0
8065, tt0478087,21,35000000,94
8066, tt0371257, Stay,50000000,0
8067, tt0119535, A Life Less Ordinary,12000000,96
8069, tt0062711, Barbarella,9000000,24665649
8070, tt0077315, The Green Room,0,96
8071, tt0069398, Tout Va Bien,0,222559
8072, tt0058898, Alphaville,220000,102
8073, tt0057869, Band of Outsiders,120000,12036149
8074, tt0060304, 2 or 3 Things I Know About Her,0,121
8075, tt0062480, Weekend,0,64352607
8076, tt0162023, Tuvalu,0,123
8077, tt0103644, AlienÂ³,50000000,108902486
8078, tt0118583, Alien Resurrection,70000000,124
8079, tt1024943, Om Shanti Om,9100000,3311162
8080, tt0324127, Suspect Zero,27000000,103
8088, tt0913425, Broken Embraces,18000000,0
8089, tt1189315, Decidme cÃ³mo es un Ã¡rbol,0,0
8090, tt0880578, Untraceable,35000000,0
8092, tt0108330, This Boy's Life,0,0
8093, tt0475241, Khadak,0,158
8094, tt0318411, The Magdalene Sisters,0,0
8095, tt0056937, Cleopatra,44000000,92
8143, tt1054515, Up! Up! To the sky,0,115
8144, tt0065367, Dig Your Grave Friend... Sabata's Coming,0,0
8198, tt0258068, The Quiet American,30000000,3748295
8199, tt0417614, Dreamland,0,90
8201, tt1160008, Football Under Cover,0,0
8202, tt0402022, Ã†on Flux,62000000,93
8204, tt0416236, The Spiderwick Chronicles,90000000,88
8265, tt1064932, Welcome to the Sticks,11000000,88
8266, tt0824330, Female Agents,0,0
8267, tt0482901, The Pope's Toilet,0,103
8268, tt0962782, Surviving with Wolves,0,0
8269, tt0479519, Promise Me This,0,86
8270, tt0427470, The Lookout,16000000,53321673
8271, tt0486822, Disturbia,20000000,93
8273, tt0328828, American Wedding,55000000,164170327
8274, tt0436058, American Pie Presents: Band Camp,10000000,95
8275, tt0808146, American Pie Presents: The Naked Mile,15000000,0
8276, tt1068649, I've Loved You So Long,0,93
8279, tt0869994, Paris,19000000,10250000
8280, tt0487419, The Secret of the Grain,0,76
8281, tt0827713, I Always Wanted to Be a Gangster,0,0
8282, tt0836700, Summer Hours,0,90
8284, tt1135092, The Limits of Control,0,0
8285, tt0831887, The Spirit,60000000,81
8286, tt0064323, The Unfaithful Wife,0,0
8287, tt1161734, Draussen bleiben,0,133
8288, tt0084329, A Midsummer Night's Sex Comedy,0,0
8289, tt0085615, Gorky Park,0,92
8290, tt0060474, La Grande Vadrouille,0,0
8291, tt0107840, Poetic Justice,14000000,97
8293, tt0104454, Howards End,8000000,0
8332, tt0337573, Antibodies,1900000,222231186
8333, tt0072251, The Taking of Pelham One Two Three,0,88
8351, tt0259440, Beautiful Memories,0,245144417
8352, tt1209359, Summer,0,106
8353, tt0022080, Limite,0,0
8355, tt1080016, Ice Age: Dawn of the Dinosaurs,90000000,0
8356, tt0050105, An Affair to Remember,2100000,90
8357, tt0399877, What the #$*! Do We (K)now!?,0,0
8358, tt0162222, Cast Away,90000000,118
8359, tt0846308, Kit Kittredge: An American Girl,0,0
8363, tt0829482, Superbad,20000000,117760134
8366, tt0248408, Manitou's Shoe,0,114
8367, tt0102798, Robin Hood: Prince of Thieves,48000000,231449203
8368, tt1031243, Garden of Eden,0,103
8370, tt1204895, Hitman Zero,0,94
8371, tt1205492, A Good Boy,0,27500000
8372, tt0063236, Lonesome Cowboys,0,97
8373, tt1055369, Transformers: Revenge of the Fallen,200000000,0
8374, tt0144117, The Boondock Saints,6000000,115
8379, tt0108376, Betrayal,0,130
8380, tt0115577, Asphalt Tango,0,0
8382, tt0431114, Today You Die,0,0
8383, tt0064905, Red Sun,0,108
8386, tt0278488, How High,12000000,0
8387, tt0192962, Airboss,0,86
8388, tt0092086, Â¡Three Amigos!,25000000,0
8390, tt0832266, Definitely Maybe,0,39031337
8391, tt0114916, When Night Is Falling,0,103
8392, tt0096283, My Neighbor Totoro,3700000,0
8393, tt0080801, The Gods Must Be Crazy,5000000,98
8394, , Brigadistas,0,0
8398, tt0455960, The Hitcher,10000000,15856028
8400, tt1223963, Memory Books,0,0
8430, tt0077925, The Messiah,0,0
8435, tt0423409, A Cock and Bull Story,0,187488
8436, tt0487503, The Page Turner,0,84
8438, tt0113870, Murder in the First,0,34533783
8439, tt0340468, Bus 174,0,108
8442, tt0117418, Who Killed Pixote?,0,0
8443, tt0456899, Lower City,0,116
8444, tt0279783, DomÃ©sticas,0,0
8445, tt0081099, Madicken of June Hill,0,90
8446, tt0074256, Bugsy Malone,0,0
8447, tt0112365, Angels and Insects,0,117
8452, tt0216216, The 6th Day,82000000,32511655
8453, tt0439662, Fanaa,5300000,78
8457, tt0817538, Drillbit Taylor,40000000,891133
8460, tt0278723, The Skulls II,3800000,104
8463, tt0096289, Torch Song Trilogy,0,0
8464, tt0159797, Top of the Food Chain,0,98
8465, tt1198094, Vier Tage Toskana,0,13008928
8467, tt0109686, Dumb and Dumber,16000000,19844979
8468, tt0102035, Highway 61,0,121
8470, tt0251160, John Q,36000000,0
8471, tt0860866, Far North,0,98
8487, tt0120891, Wild Wild West,170000000,115
8488, tt0386588, Hitch,70000000,40239
8489, tt0248667, Ali,107000000,120
8491, tt0098627, Weekend at Bernie's,6500000,0
8494, tt0108539, Weekend at Bernie's II,7000000,104
8512, tt0112857, Devil in a Blue Dress,27000000,113
8536, tt0081573, Superman II,54000000,0
8555, tt0381966, Creep,0,112
8556, tt0144106, Am I Beautiful?,0,0
8557, tt0497365, True North,0,96
8558, tt0173171, Paradise Mall,0,45000000
8579, tt1148778, Bis dass der Tod uns scheidet,0,34000000
8583, tt0118892, Dangerous Beauty,0,0
8584, tt0184894, Shanghai Noon,55000000,81
8587, tt0110357, The Lion King,45000000,26673242
8588, tt0420901, Shooting Dogs,0,96
8592, tt0099422, Dick Tracy,47000000,92
8602, tt0358872, Robbi Tobbi und das FliewatÃ¼Ã¼t,0,95
8617, tt0926129, Prom Night,0,11500000
8618, tt0464049, The History Boys,4000000,105
8619, tt0311113, Master and Commander: The Far Side of the World,150000000,0
8643, tt0404032, The Exorcism of Emily Rose,19000000,120
8644, tt0768211, Die Menschenfischer,0,0
8645, tt0949731, The Happening,60000000,98
8646, tt0879224, Der blinde Fleck,0,0
8648, tt0942379, Rivals,0,0
8649, tt0163988, Bringing Out the Dead,32000000,82
8651, tt0404532, En Route,0,93
8652, tt1165253, Dream,0,0
8653, tt0255589, The Isle,50000,118
8664, tt0268586, Rough Air: Danger on Flight 534,0,41627431
8665, tt0267626, K-19: The Widowmaker,100000000,115
8672, tt0200849, My Best Fiend,0,7938872
8675, tt0124819, Orgazmo,1000000,150
8676, tt0770752, Fool's Gold,70000000,4865997
8680, tt0758720, The Shell Seekers,0,0
8681, tt0936501, Taken,25000000,180
8688, tt0120832, Snake Eyes,73000000,109
8689, tt0078935, Cannibal Holocaust,100000,102244770
8690, tt0081112, Eaten Alive!,0,116
8691, tt0082700, Cannibal Ferox,0,0
8692, tt0080379, Invasion of the Flesh Hunters,0,89
8739, tt0880574, Another Word and I'll Mary You!,0,16140822
8740, tt0096163, The Vanishing,0,102
8764, tt0088286, Top Secret!,9000000,190458706
8765, tt0119794, Nirvana,0,127
8776, tt0064498, The Toth Family,0,0
8777, tt0082988, Requiem,0,87
